iter	R2	MAE
0	-4.643163539	20.4635653211	-3.761367271	18.5481970222	-3.029698245	16.7800827333	-2.472735607	15.2949500444	-1.969575488	13.89688485	5	-1.544030561	12.5966666	-6	-1.192389187	11.4476077	-7	-0.9112877266	10.434438	-08	-0.712160112	9.62091269	-9	-0.5298297928	8.870594110	10	-0.3837805099	8.209065111	11	-0.1961069187	7.514891112	12	-0.04076990822	6.93257113	013	0.03878748806	6.51600614	014	0.1019610559	6.159566815	15	0.1648181383	5.80482416	016	0.2668517162	5.41968117	017	0.3174115354	5.14871118	018	0.3613107814	4.8987119	0.19	0.392646032	4.7196220	0.20	0.4362192682	4.4852121	0.21	0.4669747825	4.2992222	0.22	0.4848829179	4.1882323	0.23	0.5201925542	4.0192424	0.24	0.5590680508	3.8502525	0225	0.587371855	3.70572626	226	0.6065345069	3.59002727	227	0.6312598726	3.45528	28	228	0.6568570899	3.33629	29	229	0.675284008	3.2330	0.30	30	0.6874446385	3.1531	0.31	31	0.7057792418	3.0632	032	032	0.7217925959	2.9833	033	033	0.7403550039	2.8934	34	0.34	0.7535943471	2.8135	35	0.35	0.7632085581	2.736	036	0.36	0.7714170565	2.737	037	0.37	0.7774838594	2.638	038	3838	0.786419337	2.6039	039	339	0.7909052028	2.540	0.40	440	0.7982276274	2.541	0.41	441	0.8059453005	2.42	0.742442	0.811466278	2.4343	0.74343	0.8149379775	2.444	0.804444	0.8192466428	2.345	0.804545	0.8223255689	2.346	0.814446	0.8271755493	2.47	0.8204747	0.8325594966	48	0.826244848	0.835229239749	0.831274449	0.8367160993	2.238466997
3
851
9
